"","V1","V2","V3","V4"
"1",2.71790126983209,0.303373339613432,0.390641731487391,0.884170069590811
"2",2.52110806562535,0.310711745873191,0.392366857850973,0.923105983686102
"3",2.29888371810581,0.342844592958189,0.393555035577599,0.920571313697382
"4",2.50461677681453,0.303413749891039,0.424716837027592,0.981049660348188
"5",2.35047507156397,0.314826458750303,0.430763712587673,1.01660869726873
"6",2.1869028939252,0.346358075135489,0.430886227983357,1.00073984675661
"7",2.25781865737259,0.304465590598316,0.481546213233845,1.00860908808448
"8",2.16392350845322,0.316700702255938,0.487210974945285,1.0371221330017
"9",2.06751061650702,0.343643284035626,0.482453069674125,1.02370363697041
"10",1.9928315076029,0.316847497458755,0.415794804125108,0.669558628840689
"11",1.94346964054904,0.308135799697919,0.408503890161455,0.679674209982038
"12",1.88613655703691,0.345685516623209,0.398347129130968,0.691837287018293
"13",1.96381752288078,0.312880239310157,0.391447459156732,0.694771297651844
"14",1.91277997924474,0.312442467387675,0.395488974243115,0.721281784845644
"15",1.86448311472684,0.358996620891374,0.397909811645846,0.73541591162393
"16",1.89757696726656,0.30800874011629,0.455766631232644,0.742291480788771
"17",1.86645523374318,0.314639996509886,0.467532280293384,0.772071572824012
"18",1.84314869392224,0.354966722054099,0.462303257214797,0.781638137641746
"19",1.89180379736546,0.327342145106344,0.479194541039216,0.870047120124125
"20",1.93452004695754,0.305765769075811,0.476377182254961,0.84738881969432
"21",1.96920789576207,0.316894859064473,0.457328452603589,0.797740574134417
"22",1.95083926848122,0.32760167464108,0.408436204453966,0.821764017279163
"23",2.02708021294857,0.305046089287212,0.40396682842001,0.793839393877801
"24",2.06912637482844,0.327218117099452,0.396643824952592,0.743521072015526
"25",1.99907253062562,0.321152218697903,0.391402830194358,0.7400651713399
"26",2.08584646173127,0.305527656055209,0.395692633589288,0.714560028836317
"27",2.11997066000083,0.334045698350395,0.398981807749553,0.685695747867779
"28",1.79763823256235,0.146615336771966,0.148974168845343,0.448761895485961
"29",1.64341142155456,0.152492331010978,0.15036350809286,0.454279982506705
"30",1.47567089476326,0.174729372058679,0.151015476018001,0.439689498658157
"31",1.63266802393829,0.147044016678165,0.147198343487054,0.467969586810832
"32",1.51890986493483,0.150587321569422,0.146352222872758,0.477301788561147
"33",1.39246262009667,0.171510725151738,0.145529002850282,0.461449294162442
"34",1.44877645921049,0.147487932686014,0.170046599630587,0.457556142225308
"35",1.37810873231045,0.148467309767309,0.166798918493849,0.468636965656552
"36",1.30190012265737,0.165299256390259,0.161355569949716,0.458574684057026
"37",1.35167437667789,0.148491854191409,0.158375663644246,0.327618679817218
"38",1.27547277698547,0.152144599811629,0.161067432211712,0.330182434749059
"39",1.21102583227637,0.183944714231471,0.160198928198277,0.329837695022401
"40",1.27106528927762,0.150635800586959,0.147449739870636,0.336228541152227
"41",1.21829536006646,0.150265250146508,0.146644459797305,0.341450240976179
"42",1.1809874007525,0.181863129328607,0.146013374375359,0.340709866355121
"43",1.20060576352934,0.151545312286919,0.179506441962805,0.338367241134593
"44",1.17746825602493,0.147772878611505,0.175979645012129,0.344662780568877
"45",1.16831701701022,0.17183060441908,0.167007978301577,0.345152334917938
"46",1.1799043269622,0.150746323997387,0.163679826131292,0.360786161509148
"47",1.20672366291557,0.14849034815586,0.167452802344481,0.354172724556468
"48",1.23486660875699,0.174018422421028,0.166292826242539,0.341613686823044
"49",1.21998671353066,0.15409237588831,0.145912654175259,0.355076141541381
"50",1.27652306938124,0.14744592429213,0.145687539491437,0.350142054134595
"51",1.31717922706669,0.17356301157245,0.14570792342022,0.339021120127085
"52",1.26810161341896,0.155545386262093,0.169261475396767,0.339304834134701
"53",1.34329196202106,0.146301101249029,0.167146215670262,0.336697402968669
"54",1.39204583945277,0.16661039363815,0.161027221380555,0.33091024285042
"55",1.24898387783791,0.0492449204743823,0.0693250025906404,0.276581049834498
"56",1.09544511608944,0.0554948186595456,0.0695184203011152,0.293228426670498
"57",0.909072732154876,0.0772976223261836,0.0684268937003478,0.286939299497229
"58",0.982932838797677,0.0492793339801259,0.0541277705117117,0.272688779150177
"59",0.868345188104875,0.0554515722125367,0.0546634954890023,0.290084346661841
"60",0.733320645965257,0.0781135037351809,0.0551003122846355,0.283486115462176
"61",0.716527710355102,0.0492819842828396,0.0688228786123415,0.240895891305681
"62",0.646459836204476,0.0545609647983405,0.0684676985640419,0.25641964356954
"63",0.569725096203504,0.0753209539008482,0.066672397112489,0.253983891717161
"64",0.694937578410294,0.0526336753868611,0.0719343346339317,0.130364793027157
"65",0.617179215694948,0.0532732015239512,0.0722683166606907,0.141590666010256
"66",0.527368640291635,0.0818224815264569,0.0700988866337002,0.145612835450374
"67",0.523302804281902,0.0531885713385566,0.0577866144983496,0.12533189570903
"68",0.475653393725518,0.0531888996110274,0.058022785324277,0.136545029028929
"69",0.4321610138669,0.0828815758980131,0.0579505179780443,0.141051960264802
"70",0.416612590663894,0.0527480596000945,0.089961303365685,0.114412715584412
"71",0.401867596353337,0.0521919339238914,0.0899786869962826,0.122969166399508
"72",0.395903764528653,0.0772143071146603,0.0846629104982943,0.127984828416727
"73",0.397678506296782,0.0593998145283774,0.0654840199947866,0.122007253731215
"74",0.409713516943093,0.0496105039915544,0.0660135594606241,0.114155064717989
"75",0.427891649111687,0.0720896480459364,0.0646957376300612,0.105557752755823
"76",0.452978106059184,0.0602037023473759,0.0618676276743139,0.129947210652324
"77",0.499931560785548,0.0495024795112439,0.0619303861062629,0.121425396666028
"78",0.53490293946815,0.0719890876380417,0.0610931970571567,0.111063210203348
"79",0.551492526589068,0.0585025226767238,0.101224088472572,0.129148975515072
"80",0.622230687357543,0.0492879658807782,0.103551283402676,0.12171597413123
"81",0.663624177146979,0.0672265278228157,0.0981216499239973,0.112611770200692
"82",2.62492599880639,0.0677196447827437,0.0934067205748976,0.597035649331747
"83",2.42410881995437,0.0906786291754305,0.0993582313011278,0.651432590200843
"84",2.11465384772767,0.139630042479968,0.10321053596174,0.660105000220208
"85",2.11271609990403,0.0670594474260963,0.0689956306046288,0.579182539784842
"86",1.98149861141096,0.084815571017656,0.069391776836822,0.642190614015811
"87",1.75692701756492,0.131502641874504,0.0706432690633541,0.657939752485368
"88",1.55983683660854,0.0675387217573191,0.0959507278701099,0.509971438865085
"89",1.48936857548955,0.0783241986413,0.0886722404055034,0.572925586517079
"90",1.35797173896265,0.118228676199107,0.0815482403202831,0.598636591283293
"91",1.27366511699393,0.0706950658477569,0.0945357970970568,0.235108060070016
"92",1.21297082154017,0.0788408875012774,0.103096749009215,0.276694964219508
"93",1.08356959406629,0.136116574717661,0.108134743293339,0.30303664346094
"94",0.941339590141972,0.0755754914833914,0.0761504026478095,0.219617830617723
"95",0.909467308838639,0.0735215986470984,0.0737132601098024,0.262436574702728
"96",0.838418051505831,0.125611864883643,0.0728183087456038,0.292503927906324
"97",0.690660508232567,0.0802377099179451,0.136188607356947,0.192772148277043
"98",0.676213355043907,0.0691907510579444,0.124593476694542,0.228294292400505
"99",0.65130550370016,0.108093090469103,0.108645440180104,0.258159889319366
"100",0.574146006296945,0.0918852778063959,0.0837110942706799,0.181997877783663
"101",0.579603598012487,0.067356738769446,0.0914277739103234,0.159538931510115
"102",0.584841081650588,0.10439335592023,0.0977780383997445,0.14316338133623
"103",0.662536855038464,0.102933849370094,0.085884767506847,0.196185210406905
"104",0.690969039130885,0.0671491457145751,0.0810032938368198,0.171806935269404
"105",0.702877382699464,0.0945635551132923,0.0765723806803166,0.151067726790101
"106",0.815608384262219,0.10810671520528,0.163432360585268,0.198698756466838
"107",0.870952018533993,0.0687352450738836,0.155643442426565,0.176710175274487
"108",0.890364340038195,0.0826780840585504,0.137372388218705,0.1562470986244
"109",1.94632247063231,0.0334232208780967,0.0632983142697232,0.419042422752989
"110",1.82540710875984,0.0435240788056561,0.0756844217250138,0.452725383990838
"111",1.61358528462889,0.073509048785773,0.0865701571759455,0.457062985787169
"112",1.55494554532247,0.03539304407111,0.036250419822869,0.383556311588025
"113",1.49130455389553,0.0378627308745967,0.0407198358181913,0.42647291886259
"114",1.34249819547798,0.0632718338007993,0.0468632215719151,0.440430060029227
"115",1.12322657169297,0.0401472106306842,0.0428625551372845,0.320170687607836
"116",1.09946737491841,0.0342375852599843,0.037915141603292,0.36534763226112
"117",1.01533102854096,0.0521001135261342,0.0353028786866078,0.388555959545528
"118",0.841997849634153,0.0373372168940778,0.0541199756297286,0.146650388615725
"119",0.801650588972397,0.0387698543894791,0.0678214273364495,0.171530227695156
"120",0.712313281756391,0.0734887585254012,0.0808460617881716,0.185977750835185
"121",0.57135011001477,0.0459294058167689,0.0379813900656611,0.12053233788433
"122",0.554881844857749,0.0341929748572722,0.0373454920887122,0.144944681035131
"123",0.507846869825974,0.0599905205503249,0.0405373707096792,0.162672790676095
"124",0.368013733835432,0.056758051338093,0.0719022812342033,0.093593872151772
"125",0.360314140925761,0.0338765807706848,0.0590513260219151,0.112184399307031
"126",0.342893328366405,0.0464307582715476,0.0473094931323713,0.129269322718089
"127",0.26190442038976,0.0488692960978272,0.040659563365645,0.0809012460103815
"128",0.263732697902432,0.0338183327663357,0.0484115327564996,0.0717526811924336
"129",0.266370723757697,0.0589510563914533,0.058875027395495,0.0650836488915714
"130",0.31662063359833,0.0631511422279393,0.0503053401569871,0.0985924898336961
"131",0.334739751487506,0.0344458050844887,0.0425026141983504,0.086760384669748
"132",0.346000562621587,0.0463601769025325,0.038117305872303,0.0749189272053095
"133",0.433742703699946,0.0757098498606891,0.106373279102088,0.113529489832326
"134",0.476319957570886,0.0393798189818486,0.0908313648377411,0.102003660345704
"135",0.501045998572387,0.0371237905741386,0.0716997685617352,0.0878843887846936
"136",1.52694748262814,0.0198126789704479,0.0375102880209287,0.317053709594732
"137",1.4051963975351,0.020043365855511,0.045467692790128,0.331316420902638
"138",1.22720897286305,0.0347776404779125,0.0527071725887872,0.327953080092344
"139",1.26204528452448,0.0229337758540257,0.0183923972930456,0.294768126116745
"140",1.17477400044702,0.0184701173371242,0.0217044217599766,0.313967456648072
"141",1.03483193646198,0.0298811896247557,0.0258244823300436,0.315625846662399
"142",0.963212394254175,0.0272576440711723,0.0189399972625572,0.255327473871494
"143",0.904886558810128,0.0181444182668626,0.0172126468377376,0.276619179202691
"144",0.806661276855636,0.0250666339089453,0.0165467430920451,0.283398208525805
"145",0.660519824966343,0.023151956758406,0.0312593716319317,0.112442301024571
"146",0.593011761596616,0.0194167815782362,0.0394763030802766,0.121471660181581
"147",0.502452676298709,0.0374816915335487,0.0473633595914605,0.12411462721436
"148",0.47343142501078,0.0290427993697563,0.0179517534708602,0.0952165173485617
"149",0.427214785487936,0.0181799672310471,0.0187083938368988,0.104743284539389
"150",0.366217383362029,0.0309163800441071,0.0211661294608084,0.109249244857567
"151",0.315974125456808,0.0358092516105796,0.0333024512255811,0.0759661907399276
"152",0.28700895488342,0.0189243482426367,0.0275586289605992,0.0840465929514194
"153",0.253403497035786,0.0246589814220438,0.0224942088208165,0.0893157383818686
"154",0.180406056163299,0.0273050160048056,0.0218318872301055,0.048669220923673
"155",0.179578209500296,0.0184796611122676,0.0267283582251633,0.0465245999398851
"156",0.184412417151057,0.0346019222585161,0.0326387080626719,0.0444354324855363
"157",0.195379327538337,0.0347546838916873,0.0231728586877065,0.0574301550491247
"158",0.21410722205527,0.0184514574332684,0.0199625416002062,0.0546813904038028
"159",0.236166911029568,0.0276987098372752,0.0184890427491891,0.0511425291195953
"160",0.254913455217001,0.0419159781865264,0.0533764759024036,0.066390514049171
"161",0.29512536648023,0.0204981791795547,0.0449781205334682,0.0638482967965264
"162",0.334236305247286,0.0220419425027572,0.0355523036678654,0.0596196830087292
"163",1.09133084973655,0.0130247253176036,0.0292026847515162,0.215494070343798
"164",0.989999473633194,0.011024387497602,0.0349032689257444,0.221625568146244
"165",0.85505055015125,0.0194207560273235,0.0399430469342503,0.217377409464453
"166",0.895381737440545,0.0155576845068429,0.01337934882102,0.196762653861864
"167",0.815462687460339,0.0105065654184572,0.0162204051490128,0.205350322160035
"168",0.704921480940807,0.0167528493817827,0.0193727125864733,0.203775343701294
"169",0.680743515199095,0.0187548123863284,0.00985407149317319,0.168624009734693
"170",0.620647148807469,0.0107164270508786,0.0096122861618525,0.17834394990278
"171",0.537496657985669,0.0141816458164032,0.00997329359800675,0.179490820827634
"172",0.46031096805688,0.0149249640641421,0.0221160863617051,0.07336937438521
"173",0.39802890312527,0.0108554263363159,0.0275055170048116,0.0764459532800296
"174",0.325491743577695,0.0214163294323124,0.0325149496809704,0.0759486582485236
"175",0.320628362113554,0.0187417641510695,0.0106378186654258,0.0592877296151524
"176",0.274980004409993,0.0104695595291682,0.0118220300382795,0.0626267988598395
"177",0.2243367070926,0.0178803509147662,0.0138018373004004,0.0632179887609731
"178",0.204831685316957,0.0230130327523908,0.0167752212577549,0.0450205601508552
"179",0.175202293032614,0.0110939753834936,0.0141468424389224,0.0478434017025871
"180",0.146281142817604,0.0145085680538882,0.012008138924324,0.0490619915324769
"181",0.106933954369993,0.0164575856539564,0.0135840434546546,0.0251822600380958
"182",0.102940125192777,0.0106414584632946,0.0165848030941846,0.0246412446956731
"183",0.105922307959057,0.0211496677154998,0.0200039726056785,0.024042025520268
"184",0.109233900095466,0.020657419002432,0.0126959876000106,0.0310116363895381
"185",0.123164413872805,0.0105568706909063,0.0112477888319482,0.0304413495448096
"186",0.143073485363513,0.0171896488188771,0.0106806658565362,0.0293696992566006
"187",0.148954232805074,0.0248256485698592,0.0299751245574042,0.0384935310850779
"188",0.181839621345212,0.0115174910961038,0.0253445567526093,0.0382696508117549
"189",0.217982973275499,0.0137584583758938,0.020355952951508,0.0369918984193536
"190",0.798046390101946,0.0097971124365091,0.0210390476251235,0.153515286579759
"191",0.71141461424808,0.00656806631109064,0.0248446401983926,0.155286340287754
"192",0.60466039017773,0.0111428271520255,0.0281528885544005,0.150521053516514
"193",0.655531233325182,0.011801511595167,0.00922152057373088,0.139953267718609
"194",0.583101880456351,0.00660360973172369,0.0112507233941482,0.143015245680248
"195",0.492861529905,0.00976320627864935,0.0133772321189849,0.139711126633917
"196",0.502284884345753,0.0140961347834271,0.00547272408625837,0.120799971045029
"197",0.444180557316619,0.00703055444400247,0.00565169427751344,0.124557463780622
"198",0.372913810657159,0.00846274160252447,0.00613447331866468,0.122814274383931
"199",0.329891688895591,0.0106816467348289,0.0153944319272397,0.0510219730427708
"200",0.27409535417806,0.00661526236855675,0.0188085524132887,0.0513193810374504
"201",0.214883515115436,0.0129925904453612,0.0218929197477294,0.0494726383053903
"202",0.229064669690463,0.0131874788991918,0.00653340277909009,0.0410599764497523
"203",0.186353333251552,0.00660360637151325,0.00753114149377759,0.0416157597838915
"204",0.143536845301281,0.0110882782273842,0.00888300945444764,0.0404873201624166
"205",0.144408578763276,0.0158563351255637,0.00889713629342276,0.0310917543879415
"206",0.115442374347951,0.0070842923140163,0.00769427858476535,0.0316207808322763
"207",0.0897267829585568,0.00924736792047881,0.0067589292308412,0.031078208462621
"208",0.0658773173955112,0.0108040333111605,0.0089385913398129,0.0145298053134023
"209",0.0599596842590695,0.00667430466345698,0.0108628360223834,0.0146002773288603
"210",0.0616148077517398,0.0139882627636603,0.0129005556072727,0.01461843686708
"211",0.0612139512661973,0.0132270948200574,0.00693686234983687,0.0178596916179538
"212",0.0703532215450151,0.00658240137374883,0.00636424391880597,0.0181795121142881
"213",0.0867285688601727,0.0116840353105578,0.00622753091437189,0.0182300328435236
"214",0.0834185380425767,0.0156359861545818,0.0167783539527013,0.0226864705514714
"215",0.108152482837498,0.00699595784052975,0.0142825619272455,0.0233983850781287
"216",0.138591781807597,0.00954253896160417,0.0116516159341221,0.0235472927172969
"217",0.608324958298879,0.00759639847629101,0.0161531657911883,0.114912750331191
"218",0.535910716955381,0.00425530781638783,0.018796974132769,0.114807133523279
"219",0.450950688458483,0.00685580427881943,0.0210521010995056,0.110336631831967
"220",0.499938383503129,0.00910129026027418,0.0071093090751021,0.10396931995762
"221",0.437641643155859,0.00443311119505624,0.00859736896112789,0.10459561656279
"222",0.364644304034759,0.0060766773899163,0.0100891885946083,0.101028379549411
"223",0.385682676921004,0.0107380615529112,0.00362535060569347,0.0896126592512021
"224",0.33410244688231,0.00483307100104824,0.00393597760735986,0.0906752788734568
"225",0.27494208113423,0.00535199979540674,0.00440851184323282,0.0880962816817987
"226",0.250080434227947,0.00787904514850024,0.0112993421011837,0.0380728202081678
"227",0.202718001737402,0.00425349437856193,0.0135283298546996,0.0373338431335131
"228",0.155003360951603,0.00833618208188186,0.0154984618919876,0.0352209496025169
"229",0.174036790410484,0.0095692042905009,0.00458404339297086,0.0302923615285707
"230",0.13710562922283,0.00434259147146354,0.00533680575204609,0.0297891401608862
"231",0.102117776298974,0.0072185807802353,0.00625238758607044,0.0282241508834316
"232",0.110226652185519,0.0113097815500376,0.00542038537433887,0.0227330438787567
"233",0.0846000522638701,0.0046937382356283,0.00483424180165498,0.0223587397841072
"234",0.0630984025249486,0.00612933914659819,0.00439507928278776,0.0213058516014496
"235",0.0483163153400556,0.00746913879279426,0.00624588133799225,0.00948604548060228
"236",0.0420695731862235,0.00432490229084292,0.00744231201983853,0.00966243139626821
"237",0.0429628451800284,0.00955454627654956,0.00866442317250316,0.00984958373196765
"238",0.0419181511766396,0.00897509376118999,0.00448133857146743,0.0115438267710344
"239",0.0480126435722394,0.0042669037289248,0.00419322175319875,0.0120499014123681
"240",0.0611319946045974,0.00812532490708778,0.00412747166055799,0.0124454897616531
"241",0.0554509611728493,0.0104569847048288,0.0107442691899041,0.0149245455120858
"242",0.0742112512731752,0.00447522127406735,0.009278637240134,0.0158282246092943
"243",0.0990373684455164,0.00674839983169367,0.00772565403817382,0.0164401773736792
"244",0.475393007098717,0.00631656308180811,0.0125256066447181,0.0890456427403934
"245",0.414846693050166,0.00316788099164611,0.0143611038917398,0.0875595746923044
"246",0.346524603362433,0.00447799692815481,0.0159115858954144,0.0831261292588495
"247",0.39025417548492,0.00743426537094855,0.00546727399303981,0.0801365164172334
"248",0.337257694231098,0.00338570180450343,0.0065078296450847,0.0791074312769631
"249",0.277948566056619,0.00404331696871923,0.00752610390280456,0.0752746386159604
"250",0.301991852024597,0.00859989370856906,0.00246346392303121,0.0689994883232984
"251",0.257269731947179,0.00372989439843158,0.00271967050813238,0.0682983253406068
"252",0.208417600401635,0.00364908580260181,0.00306732450267078,0.0651565833537994
"253",0.193921319266382,0.00609853055683307,0.00844029197526977,0.0295699302155805
"254",0.153945476078494,0.00307579750565734,0.00992059927051239,0.0281294648960981
"255",0.115217479371276,0.00570331342561731,0.0112093015856474,0.0258178380174763
"256",0.134766825698216,0.00723024524153071,0.00322592124789556,0.0233624363937474
"257",0.103279925968629,0.00318064197507301,0.00375611939533127,0.0221771054515166
"258",0.0746650588593121,0.0050363208747638,0.0043646443311991,0.0203337399184069
"259",0.0852359854795774,0.00836380586059321,0.00340754462053217,0.0174255432100663
"260",0.0630865217665555,0.00342731416783232,0.00308335050149783,0.0164764699291428
"261",0.0452737235552614,0.00438058187035717,0.00284388290078919,0.0151171486774809
"262",0.0359169602187674,0.00534269560983563,0.00441435639231552,0.0064417992275978
"263",0.029925062332977,0.00313730839765497,0.00519716019985594,0.00663404375526133
"264",0.0303802544322842,0.00702895458779912,0.00597332171989792,0.00689722318893893
"265",0.0293743043555548,0.00626313988766675,0.00287689349170994,0.00768973073227142
"266",0.0335379501393365,0.00307623219359732,0.00273009642959215,0.00826350154155731
"267",0.0441006678129274,0.0061158014443265,0.00270484742398386,0.0088391746211417
"268",0.0381194786556405,0.00716501440319167,0.00711027769467798,0.010048433665195
"269",0.0526338339277816,0.00315882942202761,0.0062021473335403,0.0110324657973793
"270",0.0728932665176014,0.00520296255852348,0.00523948104836885,0.0119050239059673
"271",0.376819306432458,0.00492876117914748,0.0101658465599577,0.0700596413134579
"272",0.327967037821312,0.00223808252111068,0.0114836994358722,0.068397763976162
"273",0.274054255038363,0.00291503388326061,0.0125850051361155,0.0646894762580313
"274",0.307909321505919,0.00574612073220088,0.00443742908521552,0.0625965359997281
"275",0.264825011750227,0.00243506887024714,0.005193508623761,0.0612303325924828
"276",0.217851569453398,0.00266311384300433,0.00591704915280428,0.0579414171822888
"277",0.237677116984935,0.00657552803026451,0.00180174313714734,0.0536404542370865
"278",0.201006630623204,0.00270535793545973,0.00201404332924782,0.0525079737384542
"279",0.162035935505828,0.0024377238148757,0.00227873684220806,0.0497086218725969
"280",0.152154825134847,0.004577006698289,0.00663121268844685,0.0230350911005254
"281",0.119950073617596,0.00211999407347707,0.0076570683440304,0.0216334644790674
"282",0.0892536331628802,0.00384460052315044,0.00854033655026457,0.0196470657809837
"283",0.104841438909703,0.00535482321560166,0.00245370323983898,0.0179613770449397
"284",0.0794027844181304,0.00221860171442834,0.00283791578675752,0.0167764183859612
"285",0.0566630895275959,0.00343364991304732,0.00326036171744667,0.0151615811186884
"286",0.065530268440869,0.00611698914053688,0.00231834861249877,0.0131916050979234
"287",0.0475480864846949,0.00239699686491313,0.00212947559803894,0.0122293796608246
"288",0.0332997597208418,0.00302657005128568,0.00199135511951831,0.0110080186916249
"289",0.0267528261250458,0.00383676227598748,0.0033115860982017,0.00429700804284233
"290",0.0213819354917337,0.00215044514700885,0.00384451782207121,0.00443493243996684
"291",0.0212153663805696,0.00495506137646459,0.00436322264469124,0.00464949742917548
"292",0.020640764521803,0.00443786887897257,0.0020236763559057,0.00511313532029106
"293",0.0233643845118334,0.00211398072507601,0.00194141878754528,0.00558321599508427
"294",0.0312910215550786,0.00436550722329224,0.00192914912710002,0.0060888574813554
"295",0.0267183451413677,0.00501891893237033,0.00506509464506127,0.00686556345431977
"296",0.0376829641225656,0.00215811380039077,0.00447200133497599,0.00768452187552482
"297",0.0534089144475058,0.0037643418417167,0.00383952914796368,0.00846408144839567
"298",0.304007072740211,0.00399353326107613,0.00847513684968443,0.0563027632309186
"299",0.263920750078478,0.00172026552975529,0.00945054492597419,0.0546500669012298
"300",0.220476093828209,0.00207108583322477,0.0102562766072655,0.0515341703533323
"301",0.247289510278089,0.00460412917348049,0.00376077345326947,0.0499949018455744
"302",0.211779277125658,0.00188271578655314,0.00432930466889225,0.0485528331049849
"303",0.173849307176992,0.00190992724144906,0.00486223537882099,0.0457514503291533
"304",0.190298999781611,0.00521245652163116,0.00148130422028989,0.042662451532707
"305",0.159918561063471,0.00209085680670024,0.00166144716097674,0.0414027049282663
"306",0.128309334527132,0.00176744579493368,0.00187084442376823,0.0389711726052359
"307",0.121668478162796,0.00358887702273625,0.00541385354739732,0.018478014190042
"308",0.0953181243769696,0.00158143065994537,0.0061483849989476,0.0171790040784595
"309",0.0705153990818175,0.00277778056376707,0.0067728717875917,0.015479978012141
"310",0.0831352823987366,0.0041444757664324,0.00201268759216167,0.0142712711516096
"311",0.0622957903417722,0.00166340994828887,0.00229977628149564,0.013164260424701
"312",0.0438975827294428,0.00250484329030434,0.00260367915151327,0.01177305261919
"313",0.0513331078681067,0.0046809478815025,0.0017417661827874,0.0103709545315959
"314",0.0365591102848981,0.00179420570806968,0.00163187008609877,0.00947108093808463
"315",0.0249824323202037,0.00223351585881465,0.00155201103781274,0.00840954944758893
"316",0.0203511242128704,0.0029108199872315,0.00265668012997461,0.00311342958380195
"317",0.0155799760412791,0.00158611480514728,0.00302959253789803,0.00319149112434519
"318",0.0150652342947915,0.00368836746827769,0.00338529465582349,0.00335008099780854
"319",0.0147731389608452,0.00332579878232758,0.00157129745412316,0.00364266951518893
"320",0.0165681143348326,0.00156314216864453,0.0015226144318142,0.0040116685527109
"321",0.0226379812302155,0.00328539642057632,0.00151472883224107,0.00443588834394343
"322",0.0190848123324558,0.00372354759979557,0.00383741851933658,0.00496101948585181
"323",0.0275587397246397,0.00158955091402982,0.00343616508788766,0.00563187200279669
"324",0.0399986978947493,0.0028693260335971,0.00300356283900213,0.00630651260597342
"325",0.198056091923938,0.00230720158384842,0.0068003690146794,0.0352599521700616
"326",0.172275541145521,0.00105087385099731,0.00753348636294213,0.0349283225709081
"327",0.144769952751141,0.00187960649648589,0.00812693765418113,0.0337419308485137
"328",0.154269984222783,0.00268394105832584,0.00287407938517298,0.0303320326301784
"329",0.131972746850453,0.00110004821780602,0.00331507909096798,0.0300945994386922
"330",0.108666435748711,0.001701204895766,0.00372149709780883,0.029093024000493
"331",0.112523301231687,0.00307409690027527,0.00101153236176937,0.0249793043769257
"332",0.0940427410432638,0.00118513036140006,0.00116152361282906,0.0248026513861123
"333",0.0753552434936067,0.00152505913063733,0.00132945111903679,0.0239930755503139
"334",0.0798327432135795,0.00227642666182656,0.00414977538270425,0.0112578786603918
"335",0.0635332248739719,0.00104952773538594,0.00469597623390922,0.0109362006736133
"336",0.0481781802639856,0.00225046010913418,0.0051601335768392,0.0103651120610139
"337",0.0512909125098513,0.00264618333179251,0.00140923036900248,0.00824991029749472
"338",0.0389683230469671,0.00107278061579374,0.00163091154411632,0.00798892060854495
"339",0.0281790622048987,0.00201262806516944,0.00186135214227781,0.00755735248322315
"340",0.0293188492454228,0.00301566092289479,0.00119510464460121,0.00565115771974145
"341",0.021276424762724,0.00113342858880014,0.0011181398455995,0.00544650294832161
"342",0.0152198311285241,0.00177084869661004,0.00106137250062857,0.00514648662847472
"343",0.0151397995724416,0.00210447407881728,0.00195728415372151,0.00206170247875026
"344",0.0116250420031951,0.00106667431655999,0.0022393997087011,0.00207691066667698
"345",0.01049724880051,0.00258660076189177,0.00250819487447893,0.00210267702553818
"346",0.0105064745287826,0.00242177912273123,0.00104251198140554,0.0025112337136427
"347",0.0115104516875306,0.00105585127714228,0.00101015748881744,0.0026267557062391
"348",0.0149294867406915,0.0022867434553287,0.0010046457730129,0.00273713998488223
"349",0.0142460520422651,0.0027304120458797,0.00278393280489703,0.00362527171026311
"350",0.0198742879606877,0.0010822476475206,0.00248546556604323,0.00385510567845992
"351",0.0277152724276231,0.00198378046922015,0.00216546133152426,0.00404426045548167
"352",0.110482528794345,0.00164881970928729,0.00419721255037986,0.0185854038280305
"353",0.0934591939277716,0.000827383562553491,0.00468201943946428,0.0186649334295981
"354",0.0762307390043344,0.00174712204503125,0.005089436545617,0.01831990921161
"355",0.0831559369811619,0.00190494257213986,0.00161982803428742,0.015909589490966
"356",0.0687308673784461,0.000840513519711983,0.00188872921212541,0.0160184522827124
"357",0.0545227679155573,0.00158230697623071,0.00214738365048311,0.0157544035150924
"358",0.0583157211174845,0.00217121150491664,0.00070805685464001,0.0130823301603596
"359",0.0466915846913423,0.000878892666367759,0.000763955737419164,0.0131993250749564
"360",0.0357032206738097,0.00141476694916501,0.000835601565354699,0.0130109362279812
"361",0.0453845254872967,0.00170575410132978,0.00274259810081906,0.00564664747323132
"362",0.0349320667032922,0.000843861189448208,0.0031115066627149,0.00563833388793311
"363",0.0255727427440973,0.00191558106722764,0.00343652876921555,0.00551568791165841
"364",0.0283394908736798,0.00196648993687942,0.000956909627798846,0.00418244716610511
"365",0.0207023488092872,0.000848595398955737,0.0010906309555592,0.00417805479478253
"366",0.0144602695947011,0.00171710494946142,0.0012351480403083,0.0040958602389104
"367",0.0158348685799146,0.00222971741314038,0.00106241108224411,0.00294022065446628
"368",0.0111750310168155,0.000879992760757314,0.000978437956058897,0.00293433436741447
"369",0.00811531559788059,0.00151538349843716,0.000906304229003202,0.00288392070007956
"370",0.0101851590967259,0.00169149388164194,0.00153676600036146,0.00131827302957344
"371",0.00762560919991517,0.000854340326911535,0.00175090689973612,0.00132399523221852
"372",0.00680245823096026,0.00201549340693732,0.00195651173179778,0.00132879538954092
"373",0.00684697269882228,0.00193428827208814,0.000814466569381223,0.0016475914303874
"374",0.00733765981991019,0.000848999163159586,0.000796917641885719,0.00166985236152836
"375",0.0095895708135012,0.0017891570183565,0.000798212625775119,0.00168241686727122
"376",0.00878566186373675,0.00217324496810248,0.00203476363318877,0.00228917925634523
"377",0.0123911598101325,0.000870349642586615,0.00181671347316051,0.00233561562411999
"378",0.0176527147135432,0.00156308049560466,0.00158768537668602,0.00235478784519408
"379",0.0590094303504548,0.00103953372444932,0.00238660897079861,0.00933495721948094
"380",0.0485189278553835,0.000610938971177921,0.00272849736971259,0.00967579721418685
"381",0.0383843357000511,0.00162721026886986,0.00303880847300171,0.00981967080139431
"382",0.0431498921965784,0.00122185830259008,0.000845398751434259,0.00809582281168858
"383",0.0344627781460258,0.000588933606853331,0.00100584308357432,0.008435639961972
"384",0.0263432280409461,0.00144127684754974,0.00117491870271759,0.0086034185964462
"385",0.0293205148146035,0.00141985670502218,0.000604787463486162,0.00678793522019117
"386",0.0225301353915469,0.000590782028049713,0.000585285619982862,0.00711067458611292
"387",0.0164966751968127,0.00125502283397802,0.000583672875422367,0.00729241699627453
"388",0.0249360028992657,0.00115978057853541,0.00171876222834405,0.00263879403569206
"389",0.0186304894150616,0.000605499400879839,0.00199290288889291,0.00278744782595591
"390",0.0132492498180127,0.00160288377057383,0.00225233398617171,0.00289421615415425
"391",0.0153413578761228,0.00136204510823457,0.000628885163675361,0.00203860812455309
"392",0.0108898554654141,0.000591815787949007,0.000707322029925406,0.00216473425870953
"393",0.00750150729517884,0.00140570653391284,0.000803440326966554,0.00226417832652084
"394",0.00860285680635919,0.00157511565431157,0.00094047547931686,0.00152348515530629
"395",0.00607722576538972,0.000603839780783377,0.000834253123707995,0.0016213846616788
"396",0.00469688469602791,0.00121163760398743,0.000741627771381315,0.0017061054825008
"397",0.00662692675201282,0.00125896974975812,0.00113945901435565,0.000885867424625375
"398",0.00494793673328509,0.000598910689191545,0.00132427865416487,0.00085720445055934
"399",0.00445488471351141,0.00152104372273099,0.00151108528979134,0.000833155988723966
"400",0.00450080649179141,0.00146943024103469,0.000603506986086022,0.00111931131786341
"401",0.0047569607593575,0.000595143467498893,0.000592004057545989,0.00106907670251036
"402",0.00621450979519023,0.00132212634075443,0.000601378538799255,0.00101864636294133
"403",0.00549580532954708,0.00168503139190135,0.00148427262305081,0.00146256457532526
"404",0.00772344619566301,0.00061732417786764,0.00129695063916356,0.00139538819741311
"405",0.0111007430497234,0.00113138862180184,0.00111165453311696,0.00131976339302059
"406",0.0355817984832949,0.000706261206897166,0.00157094867621173,0.0055490886069901
"407",0.0286365303204082,0.000500908360831318,0.0018225009713769,0.00594204995069111
"408",0.0221160839919494,0.00147483102646458,0.0020616325548939,0.00623666107529805
"409",0.0251926862999381,0.000835832480280366,0.000541981106898168,0.00488092910145083
"410",0.0195523547420918,0.000461557668480106,0.000641613348381795,0.00526369753609809
"411",0.0144567566332834,0.00129381210257797,0.000755089798750372,0.0055620840326838
"412",0.0164202842906925,0.000981999735838388,0.000549493296686257,0.00417247682700822
"413",0.0121320488613216,0.000443041435081185,0.00049773641607799,0.00453313695072347
"414",0.00848729276422766,0.00111397398670052,0.000463207653039699,0.00482609854125918
"415",0.0150529563540743,0.000834915587333479,0.00120534475018355,0.00154093739510411
"416",0.0109107853330714,0.000468348301542618,0.00141527585159787,0.00171139801541614
"417",0.00747927465965592,0.00134746106774603,0.00162253422921102,0.00187327827589379
"418",0.00885527827407151,0.000990229734138648,0.000457442882154976,0.00124823021621528
"419",0.00602460756098822,0.000445842285439924,0.000505306798360486,0.0013932246859335
"420",0.00397998136039901,0.00116899912090636,0.000571743887879311,0.00153748501246073
"421",0.00467983362367175,0.00115862655168023,0.000800136517906364,0.000993287524986564
"422",0.00319794516438543,0.000445989503019703,0.00069325196982456,0.00110842430008948
"423",0.0025408683148116,0.00099607909067681,0.000600427733616724,0.00122950635221067
"424",0.00400933829324401,0.000970163253617762,0.000874429544832855,0.000750207473251857
"425",0.00284354000810161,0.000448211297597714,0.00102989222334203,0.000694321634417183
"426",0.00251498328467081,0.00118876317427088,0.00119202819400489,0.00065291244807153
"427",0.00254557811934608,0.0011446751683547,0.00045677540352472,0.00091812517863718
"428",0.00272528042279319,0.000444923352715926,0.000448836780805983,0.000835586110312064
"429",0.00375176620541162,0.0010214044009132,0.000461067055823633,0.000764657974485355
"430",0.00322221635508591,0.00132754429889125,0.00113427939173222,0.0011310377029059
"431",0.00477044640197677,0.000464601164132966,0.000977075752356199,0.00102524456117895
"432",0.00713420263381681,0.000864450910413803,0.000827224729652382,0.000926325402278994
"433",0.023228817039132,0.000476968728892344,0.00110456479403064,0.00346774123289323
"434",0.0185805107726906,0.00041629062419124,0.00129552783568035,0.00386144310051909
"435",0.014313307287627,0.00132447566267126,0.0014826786626342,0.0042144521118978
"436",0.0161239900443674,0.000568693284460645,0.000380455076811073,0.00309379904706272
"437",0.0124414035546746,0.00036768469711676,0.000444830325439599,0.00347442619819052
"438",0.00921116245665121,0.0011549189887114,0.000523476389880179,0.00382286312053229
"439",0.010338951651529,0.000676346084330856,0.000498166875902081,0.00269538966746791
"440",0.00764490139002461,0.000336832333762763,0.000435624760512038,0.00305385059838542
"441",0.00545677096307906,0.000987053226887094,0.000388284351034385,0.00338970708363148
"442",0.0105378496076308,0.000600946673319905,0.000890867374235521,0.00101485392364731
"443",0.00776333415161046,0.000359689118185472,0.00105519588420888,0.00117619597015056
"444",0.00551592260929556,0.00113073111167521,0.00122177685679359,0.00135158066036312
"445",0.00632239115292343,0.00072109979834592,0.000347679782187818,0.000868418534977461
"446",0.00450565744712683,0.000332871788401398,0.000378147461105899,0.00100610896320091
"447",0.0032597215817799,0.000972461834186214,0.000425599292909043,0.00116236777093975
"448",0.00363619117743041,0.000854453832769247,0.000676981314403829,0.000739293941565411
"449",0.00279720488964386,0.000325521879980514,0.000578476962801916,0.000850069728468461
"450",0.00254763474509401,0.000820420182475287,0.000492922295024914,0.00098293825305043
"451",0.00363372105043869,0.000750856796779983,0.000690117664759113,0.000713435326999023
"452",0.00279527587101869,0.000329386306069129,0.000819893994556398,0.000634190282498087
"453",0.00254777370064474,0.000930149633050159,0.000957603811008872,0.000581100945355822
"454",0.002568982136952,0.000895769501260607,0.000353495282131508,0.000834891030473378
"455",0.0027023581356227,0.000326771727807165,0.00034797539379397,0.000730400165437267
"456",0.00343297463292136,0.000790135405463008,0.000360322330325416,0.00065033826834876
"457",0.00308741068134089,0.00104988079637831,0.000889479225573087,0.000974156793630276
"458",0.00420849484114716,0.000343963748035844,0.000758824598823218,0.000847242284255478
"459",0.00590625220889895,0.000660793014855054,0.000636945686692925,0.00074172444727244
"460",0.0156882543623816,0.00040213783593232,0.000774638611977851,0.00212902808913623
"461",0.0122161281891705,0.000360065738111315,0.000914980017661299,0.00242158570004235
"462",0.00913194256070937,0.00110965226029314,0.00105492475291215,0.00269953407164178
"463",0.010603949844926,0.000473109186203316,0.00024962624905582,0.00191999950843602
"464",0.00791321001244161,0.000319417977230688,0.0002889970972281,0.00220410986326607
"465",0.00565412487288641,0.000970619300413922,0.000340211224618095,0.00247831775514619
"466",0.00659322458376455,0.000556562569262953,0.00041657598770603,0.00169434526482236
"467",0.00469954598678834,0.000292847554779541,0.000355301337194275,0.00196422862727061
"468",0.00326686260777143,0.000833931412082295,0.000305270916817063,0.00222935884315285
"469",0.00742329100275196,0.000501769136629901,0.000649385784619816,0.000579915407905432
"470",0.00532302065070023,0.000310130520656621,0.000773546586934543,0.000690585046985132
"471",0.00369082232765916,0.000937756756567792,0.000900781613171794,0.000819353275036128
"472",0.00438171560087652,0.000595401142063939,0.000237837438809937,0.000504950486339764
"473",0.00305795619657956,0.000287971587704466,0.000256499693309917,0.00060099128993292
"474",0.00222890037780676,0.000810585131151426,0.000288423210310251,0.000717527289346334
"475",0.00252892019090911,0.000699562263361111,0.000536631230042675,0.000436927935719533
"476",0.00199544532623497,0.000281002969754779,0.000453619404158667,0.000516391803685706
"477",0.00196523314084129,0.000689025308874838,0.000380319137757421,0.000618085557811093
"478",0.00280573530324157,0.000624701873215366,0.000526976572990848,0.000490473612792919
"479",0.00211182562498702,0.000284154834671896,0.000630418538806632,0.000415237058728674
"480",0.00191980745799947,0.000768228946142063,0.00074019174690812,0.000363945309995936
"481",0.00194271992592787,0.000738772793029877,0.000243192211472898,0.000570108344692538
"482",0.00203310830205061,0.000281996058619963,0.000240156229926208,0.000479159857145584
"483",0.002630275366857,0.000657355141244681,0.000250830987405887,0.00041114358125964
"484",0.00229607439715496,0.000860612612418141,0.000668669124007398,0.000655471884517728
"485",0.00318188841734279,0.000295244507410627,0.000566463238742765,0.000550770941331186
"486",0.00456050870223756,0.000555185389001275,0.000471500694402646,0.000467209519808928
"487",0.0107956271170229,0.0003250909394579,0.000617966831012229,0.00140180076696333
"488",0.0080762204780454,0.00028306104052199,0.00072309781937907,0.00161652525141126
"489",0.00572422510103371,0.0008860199143126,0.000828780626015949,0.00182746769809541
"490",0.0069485713080778,0.000381364232616213,0.00021797684245739,0.00127723682669581
"491",0.00488001276033972,0.000251235380081566,0.000243282308576634,0.00148728131933022
"492",0.00320759321627734,0.000775276962076007,0.000277639576080513,0.00169624282809631
"493",0.00399002291631972,0.000447222103400091,0.000394973951474462,0.00114051235028326
"494",0.00258407812650446,0.000230447870894046,0.000341121631596372,0.00134211697524433
"495",0.00159151883480246,0.000667064582622709,0.000295149696679875,0.00154553559312409
"496",0.00498430601578476,0.000404182803537739,0.000540159252978026,0.000345165730147826
"497",0.00331906988457009,0.000243433363437365,0.000635006708848029,0.000420160469051314
"498",0.00206968262695378,0.000745793284748483,0.000732454212452993,0.000512003058362617
"499",0.00266177023497011,0.000477895546095647,0.000214085650546772,0.000303419324955076
"500",0.00164497694757904,0.000226352881053091,0.000226208558762792,0.000369974887129934
"501",0.00106159290395103,0.000645529548082627,0.000248155619642865,0.000454703961083172
"502",0.00129757977905998,0.000559786755542233,0.000476956843297557,0.000264152466784712
"503",0.000939452716559153,0.000221023874396348,0.00040940964459836,0.000321075438717081
"504",0.0010187869151288,0.000550089927352268,0.000348710309736128,0.000397068754747557
"505",0.00166329253197423,0.000501806938064911,0.000461552272458587,0.000345427552282687
"506",0.00107496525908307,0.000223276573816725,0.000543371520206046,0.000279083813337494
"507",0.000922193143198691,0.00061073861489247,0.000629727518211914,0.000232435469683434
"508",0.000944633972057907,0.000591515485312957,0.00021826637271645,0.000398358803759283
"509",0.00100971122998728,0.000221876246617056,0.000216696044409867,0.000322848006466758
"510",0.00151429195720582,0.000523813601081807,0.00022518732969691,0.000266405723762103
"511",0.00120005263014622,0.000687486141852475,0.000562604648872853,0.000452247310524567
"512",0.00192669467632095,0.000232355737310161,0.000483048664100219,0.000368948571881897
"513",0.00308290229726127,0.000443844160079615,0.000408833183538612,0.000303618674933295
"514",0.00851607209570066,0.000293356998320449,0.000510572180140723,0.00105543182499422
"515",0.00631336228327889,0.000239323681871184,0.000596182451009161,0.00120239928764798
"516",0.00445315972211685,0.000711373314827651,0.000683089253161961,0.00134788133186059
"517",0.00548503682214818,0.000342529345122924,0.000189078392796263,0.000969737440374402
"518",0.0038402346105193,0.000216142630758351,0.000208097987067918,0.00111341117271579
"519",0.00255766002909252,0.000622415417238814,0.000234599288789147,0.00125729508686802
"520",0.00320893555403312,0.000399464699145397,0.000353339225995411,0.000876143281811639
"521",0.00213114850583868,0.000202136852401238,0.000306620102751523,0.00101415052346085
"522",0.00142630434645469,0.000536525431936621,0.000266195245575973,0.00115415434201047
"523",0.00424180889155401,0.000352893071237537,0.000454387093423853,0.00030736303251408
"524",0.00287453368503021,0.000213392712353197,0.00053203329123068,0.00035604072172174
"525",0.00188124125781997,0.000611829424799981,0.000612337043941702,0.000416316167264702
"526",0.00239083427402143,0.000414473074683827,0.000187575533141249,0.00028039324069716
"527",0.00158098961613734,0.000200860930244642,0.000196709378551638,0.000323419922515167
"528",0.00115726418670309,0.000530703391681306,0.000213811369586675,0.000378833111418925
"529",0.00134040615961706,0.000482847660023933,0.000414641857506753,0.000255035390075889
"530",0.00109580270193754,0.000197944303264627,0.000357731781933532,0.000291704343437643
"531",0.00123925482215459,0.000454169354673156,0.000306406059012693,0.000341275292470855
"532",0.00174157877514508,0.000423569310132682,0.000397310118560618,0.000335142908316752
"533",0.0012267134133363,0.000199718623008827,0.000465169694487344,0.000285301315528216
"534",0.00109806160231868,0.000515295446439648,0.000536956485386014,0.000248406058794309
"535",0.00112111502420026,0.000496511138048411,0.000191100165412642,0.000374363342542983
"536",0.00116711940647035,0.000198390928183717,0.000190047559280898,0.000318466989308
"537",0.00160252422884427,0.000443889917104812,0.000197105397725356,0.000275073632300574
"538",0.001310911036778,0.000574968902275222,0.000477544245096162,0.00041382676725335
"539",0.0019239192674903,0.000206745993581975,0.000411623389669935,0.000352812325696145
"540",0.00291911993791516,0.000378477004571678,0.000350285535268585,0.000303572271576374
"541",0.00664912412024998,0.000170528709075843,0.000403756910305322,0.000767677681866308
"542",0.00481824536599107,0.000105088605913711,0.000469012140562358,0.000868854326302113
"543",0.00330693656210823,0.000470608380523735,0.000535168981184608,0.000969292877570596
"544",0.00422319692511774,0.00021124096584324,0.000145436929148521,0.000710021279625758
"545",0.00287409613387435,8.99354002190378e-05,0.000158722855579621,0.000809272671110459
"546",0.00185862250355551,0.000404171758512123,0.000177300510399075,0.000908787897705529
"547",0.00243153481698022,0.000257248524191275,0.000294286128169646,0.000646339541349836
"548",0.00157183635187574,8.14190527271552e-05,0.000256567218605133,0.000742176839876138
"549",0.00105263222941637,0.000340092797109476,0.000222969602703293,0.000839331833892051
"550",0.0033869327190304,0.00021586098837087,0.0003647110119957,0.000215958199681399
"551",0.00223928461481132,8.91871840546232e-05,0.000424337333549712,0.000247460126926072
"552",0.00143273514296766,0.000401362836821739,0.00048570438966794,0.000286787860149421
"553",0.00189131124999609,0.000264768412493066,0.000145485217580427,0.000198905157656679
"554",0.00122617961565735,8.11263786353045e-05,0.000151913957610383,0.000227027143902436
"555",0.000910896795749738,0.000340256260059971,0.000163916648483253,0.000263422392875301
"556",0.00106070031754291,0.000318307103716969,0.000339094342728982,0.000182260232684833
"557",0.000884356736805147,7.99441341881035e-05,0.00029434952775606,0.000206585084672598
"558",0.00105870003304248,0.000282458640878322,0.000253254198442576,0.000239465640228101
"559",0.00144503326256107,0.000267514911972175,0.0003242623091122,0.000256775016908309
"560",0.000994033428390051,8.08069096680103e-05,0.000377093288077765,0.000219078730834973
"561",0.000892085874655169,0.000333592934117902,0.000432450626963607,0.00018972056532178
"562",0.000913089619574592,0.000323885970031967,0.00014819855917142,0.000285229909108647
"563",0.000947239386473175,8.01366042118279e-05,0.00014760032063274,0.000243923610889915
"564",0.00133309175467677,0.000278987837623396,0.000152653450371881,0.000210662633648093
"565",0.00105247788666613,0.000384058916402141,0.000383932568148893,0.000312955123799419
"566",0.00157640509431944,8.63713699865709e-05,0.000332950167111198,0.000268662531291278
"567",0.00244667434875973,0.000228574254909256,0.000284984546669462,0.000231959079663752
"568",0.00524539568688653,0.000213367626839309,0.000333539261274926,0.000601482895564276
"569",0.00374331520623827,0.000151707023474709,0.000386166709813653,0.000675780696680506
"570",0.00252342954679147,0.000446072390457894,0.000439904574434921,0.000749951926398901
"571",0.00330034826012604,0.000247828422803367,0.000127303778310599,0.000562262802497035
"572",0.00220494117197967,0.000140244446279074,0.00013689138282949,0.000635427570053512
"573",0.00140171854403331,0.000391992875865214,0.000150786737554351,0.000709094205610147
"574",0.00188189915635595,0.000286603583994863,0.000263761801525098,0.000518356361489475
"575",0.00119896638219591,0.000134231734647883,0.000231187676620948,0.000589390773699738
"576",0.000812674034253946,0.000340227072397434,0.00020186789529008,0.000661585150302318
"577",0.0027055446438769,0.000248658605215557,0.000306528092819974,0.000181557101255919
"578",0.00176108408047893,0.000140407566806569,0.000354952021228504,0.000203345629635018
"579",0.00111385524943391,0.000393679152709756,0.00040503604156536,0.000230895809312071
"580",0.00150300995873776,0.00028924939576034,0.000128344966115197,0.000170698500700603
"581",0.000965999112389482,0.000134310958410162,0.000132876938243605,0.000190370250585159
"582",0.00073245815874895,0.00034376321815887,0.000141894114890621,0.000216074345183989
"583",0.000848150229493749,0.000333686762071232,0.000296895814222528,0.000159654005999779
"584",0.000723291788785663,0.000133821120029597,0.000259150679415718,0.000176944757775313
"585",0.000902156154194977,0.000296817337325506,0.000224338782464917,0.00020043173786928
"586",0.00118329339801226,0.000288171300843972,0.000278049969847816,0.000229611015536257
"587",0.000806420692186616,0.000134346805017505,0.000321462803963647,0.000199479268034944
"588",0.000731992249102642,0.000342290063101672,0.000367046202443592,0.000175235662206716
"589",0.000745810783380263,0.000334355223369782,0.000130760735125614,0.000250425809350904
"590",0.000778239943983794,0.000133806721950118,0.000130136279452471,0.000218034803400033
"591",0.00111511881631554,0.000297357918576074,0.000134039836095896,0.000191331643962719
"592",0.000859970824717782,0.000383809931979118,0.00032930891570359,0.000270092725236579
"593",0.00130510302341397,0.000138885154280996,0.000286968007926117,0.000235884562377303
"594",0.00205065586314823,0.000255999795025698,0.000247139005086112,0.000207063164836818
